number moves made,solving time,number seen states,max_queue_size
27,640.0196709632874,215406,65877
27,633.2178719043732,215389,65864
27,629.8042638301849,215332,65812
27,625.6166100502014,215477,65939
27,625.2649719715118,215389,65862
27,620.1033380031586,215383,65856
