number moves made,solving time,total seen states,max queue size,unique seen states
27,552.5717742443085,105473,22028,105473
27,653.0381300449371,105473,22028,105473
27,688.0788159370422,105473,22028,105473
27,686.5391809940338,105473,22028,105473
27,583.1733357906342,105473,22028,105473
27,506.8683431148529,105473,22028,105473
