number moves made,solving time,number seen states,max_queue_size
4674,0.7355618476867676,NaN,NaN
2023,0.3112220764160156,NaN,NaN
1784,0.2745528221130371,NaN,NaN
7617,1.1747829914093018,NaN,NaN
2370,0.36505889892578125,NaN,NaN
2013,0.3099851608276367,NaN,NaN
5737,0.8878209590911865,NaN,NaN
900,0.13821077346801758,NaN,NaN
1341,0.20873594284057617,NaN,NaN
1320,0.20547986030578613,NaN,NaN
1492,0.23146510124206543,NaN,NaN
6996,1.0866539478302002,NaN,NaN
