number moves made,solving time,total seen states,max queue size,unique seen states
17,3.2543747425079346,3206,790,3206
17,3.4082932472229004,3548,806,3548
17,3.0092790126800537,2997,612,2997
17,2.420210838317871,2668,461,2272
17,2.3398289680480957,2620,500,2130
17,2.266413927078247,2569,539,2102
