number moves made,solving time,number seen states,max_queue_size
249,7.3525848388671875,NaN,NaN
84,2.9183056354522705,NaN,NaN
39,1.6518361568450928,NaN,NaN
27,1.173203945159912,NaN,NaN
22,1.0196387767791748,NaN,NaN
